-- PostgreSQL database dump - Überarbeitet für die direkte Ausführung per Skript

-- Grundeinstellungen für die Sitzung
SET statement_timeout = 0;
SET lock_timeout = 0;
SET idle_in_transaction_session_timeout = 0;
SET client_encoding = 'UTF8';
SET standard_conforming_strings = on;
SELECT pg_catalog.set_config('search_path', '', false);
SET check_function_bodies = false;
SET xmloption = content;
SET client_min_messages = warning;
SET row_security = off;

-- Bestehende Tabellen und Sequenzen sicher löschen, um Konflikte zu vermeiden
DROP TABLE IF EXISTS public.shifts CASCADE;
DROP TABLE IF EXISTS public.shift_types CASCADE;
DROP TABLE IF EXISTS public.users CASCADE;
DROP SEQUENCE IF EXISTS public.shifts_id_seq CASCADE;
DROP SEQUENCE IF EXISTS public.shift_types_id_seq CASCADE;
DROP SEQUENCE IF EXISTS public.users_id_seq CASCADE;


--
-- Tabelle: users
--
CREATE TABLE public.users (
    id integer NOT NULL PRIMARY KEY,
    first_name character varying(100) NOT NULL,
    last_name character varying(100) NOT NULL,
    password character varying(255),
    employee_id integer NOT NULL
);

CREATE SEQUENCE public.users_id_seq AS integer START WITH 1 INCREMENT BY 1 NO MINVALUE NO MAXVALUE CACHE 1;
ALTER SEQUENCE public.users_id_seq OWNED BY public.users.id;
ALTER TABLE ONLY public.users ALTER COLUMN id SET DEFAULT nextval('public.users_id_seq'::regclass);

--
-- Tabelle: shift_types
-- (Ergänzt um Spalten, die in der API verwendet werden)
--
CREATE TABLE public.shift_types (
    id integer NOT NULL PRIMARY KEY,
    type_name character varying(50) NOT NULL,
    type_color BIGINT DEFAULT 16777215, -- Standardfarbe: Weiß
    type_time_start TIME,
    type_time_end TIME
);

CREATE SEQUENCE public.shift_types_id_seq AS integer START WITH 1 INCREMENT BY 1 NO MINVALUE NO MAXVALUE CACHE 1;
ALTER SEQUENCE public.shift_types_id_seq OWNED BY public.shift_types.id;
ALTER TABLE ONLY public.shift_types ALTER COLUMN id SET DEFAULT nextval('public.shift_types_id_seq'::regclass);


--
-- Tabelle: shifts
--
CREATE TABLE public.shifts (
    id integer NOT NULL PRIMARY KEY,
    shift_date date NOT NULL,
    shift_type_id integer NOT NULL,
    user_id integer NOT NULL,
    -- VVV HINZUGEFÜGT: Fremdschlüssel-Definitionen VVV
    CONSTRAINT fk_shift_type
        FOREIGN KEY(shift_type_id)
        REFERENCES public.shift_types(id)
        ON DELETE CASCADE, -- Optional: Löscht Schichten, wenn der Schicht-Typ gelöscht wird
    CONSTRAINT fk_user
        FOREIGN KEY(user_id)
        REFERENCES public.users(id)
        ON DELETE CASCADE -- Optional: Löscht Schichten, wenn der Benutzer gelöscht wird
);

CREATE SEQUENCE public.shifts_id_seq AS integer START WITH 1 INCREMENT BY 1 NO MINVALUE NO MAXVALUE CACHE 1;
ALTER SEQUENCE public.shifts_id_seq OWNED BY public.shifts.id;
ALTER TABLE ONLY public.shifts ALTER COLUMN id SET DEFAULT nextval('public.shifts_id_seq'::regclass);


--
-- Daten einfügen für: shift_types
-- (Ersetzt den COPY-Befehl durch INSERT)
--
INSERT INTO public.shift_types (id, type_name, type_color, type_time_start, type_time_end) VALUES
(1, 'Frühschicht', 4367989, '06:00:00', '14:00:00'),
(2, 'Spätschicht', 16760576, '14:00:00', '22:00:00'),
(3, 'Nachtschicht', 7304056, '22:00:00', '06:00:00'),
(4, 'Krank', 15745618, '00:00:00', '24:00:00'),
(5, 'Urlaub', 4242352, '00:00:00', '24:00:00');


--
-- Daten einfügen für: shifts
-- (Ersetzt den COPY-Befehl durch INSERT)
-- WICHTIG: Die user_id '1' und '2' müssen in der 'users'-Tabelle existieren.
-- Füge hier bei Bedarf zuerst deine Benutzer ein.
-- Beispiel:
INSERT INTO public.users (id, first_name, last_name, employee_id, password) VALUES
(1, 'Alice', 'Muster', 1000, '$2a$10$IfTwGWhx/v6Um13v2YdG9.yWvfzWlqreLg0x./aJ0f/dC4b9W4vL.'),
(2, 'Bob', 'Muster', 1001, '$2a$10$IfTwGWhx/v6Um13v2YdG9.yWvfzWlqreLg0x./aJ0f/dC4b9W4vL.'),
(3, 'Carsten', 'Muster', 1002, '$2a$10$IfTwGWhx/v6Um13v2YdG9.yWvfzWlqreLg0x./aJ0f/dC4b9W4vL.');

INSERT INTO public.shifts (id, shift_date, shift_type_id, user_id) VALUES
(161, '2025-06-10', 5, 1),
(162, '2025-06-11', 4, 1),
(163, '2025-06-12', 5, 1),
(164, '2025-06-13', 5, 1),
(165, '2025-06-14', 2, 1),
(166, '2025-06-15', 5, 1),
(167, '2025-06-16', 2, 1),
(168, '2025-06-17', 5, 1),
(169, '2025-06-18', 4, 1),
(170, '2025-06-19', 4, 1),
(171, '2025-06-20', 2, 1),
(172, '2025-06-21', 1, 1),
(173, '2025-06-22', 1, 1),
(174, '2025-06-23', 1, 1),
(175, '2025-06-24', 5, 1),
(176, '2025-06-25', 2, 1),
(177, '2025-06-26', 4, 1),
(178, '2025-06-27', 1, 1),
(179, '2025-06-28', 5, 1),
(180, '2025-06-29', 1, 1),
(181, '2025-06-30', 2, 1),
(182, '2025-07-01', 1, 1),
(183, '2025-07-02', 1, 1),
(184, '2025-07-03', 1, 1),
(185, '2025-07-04', 5, 1),
(186, '2025-07-05', 1, 1),
(187, '2025-07-06', 4, 1),
(188, '2025-07-07', 2, 1),
(189, '2025-07-08', 5, 1),
(190, '2025-07-09', 1, 1),
(191, '2025-07-10', 5, 1),
(192, '2025-07-11', 1, 1),
(193, '2025-07-12', 5, 1),
(194, '2025-07-13', 2, 1),
(195, '2025-07-14', 5, 1),
(196, '2025-07-15', 2, 1),
(197, '2025-07-16', 1, 1),
(198, '2025-07-17', 2, 1),
(199, '2025-07-18', 5, 1),
(200, '2025-07-19', 1, 1),
(366, '2025-01-01', 5, 2),
(367, '2025-01-02', 2, 2),
(368, '2025-01-03', 1, 2),
(369, '2025-01-04', 5, 2),
(370, '2025-01-05', 2, 2),
(371, '2025-01-06', 5, 2),
(372, '2025-01-07', 1, 2),
(373, '2025-01-08', 4, 2),
(374, '2025-01-09', 5, 2),
(375, '2025-01-10', 1, 2),
(376, '2025-01-11', 1, 2),
(377, '2025-01-12', 5, 2),
(378, '2025-01-13', 4, 2),
(379, '2025-01-14', 1, 2),
(380, '2025-01-15', 5, 2),
(381, '2025-01-16', 5, 2),
(382, '2025-01-17', 2, 2),
(383, '2025-01-18', 1, 2),
(384, '2025-01-19', 1, 2),
(385, '2025-01-20', 5, 2),
(386, '2025-01-21', 5, 2),
(387, '2025-01-22', 4, 2),
(388, '2025-01-23', 2, 2),
(389, '2025-01-24', 5, 2),
(390, '2025-01-25', 5, 2),
(391, '2025-01-26', 1, 2),
(392, '2025-01-27', 5, 2),
(393, '2025-01-28', 1, 2),
(394, '2025-01-29', 2, 2),
(395, '2025-01-30', 5, 2),
(396, '2025-01-31', 2, 2),
(397, '2025-02-01', 5, 2),
(398, '2025-02-02', 1, 2),
(399, '2025-02-03', 2, 2),
(400, '2025-02-04', 4, 2),
(401, '2025-02-05', 1, 2),
(402, '2025-02-06', 2, 2),
(403, '2025-02-07', 2, 2),
(404, '2025-02-08', 1, 2),
(405, '2025-02-09', 1, 2),
(406, '2025-02-10', 5, 2),
(407, '2025-02-11', 1, 2),
(408, '2025-02-12', 1, 2),
(409, '2025-02-13', 1, 2),
(410, '2025-02-14', 5, 2),
(411, '2025-02-15', 5, 2),
(412, '2025-02-16', 1, 2),
(413, '2025-02-17', 4, 2),
(414, '2025-02-18', 2, 2),
(415, '2025-02-19', 2, 2),
(416, '2025-02-20', 5, 2),
(417, '2025-02-21', 1, 2),
(418, '2025-02-22', 5, 2),
(419, '2025-02-23', 5, 2),
(420, '2025-02-24', 5, 2),
(421, '2025-02-25', 2, 2),
(422, '2025-02-26', 4, 2),
(423, '2025-02-27', 2, 2),
(424, '2025-02-28', 2, 2),
(425, '2025-03-01', 1, 2),
(426, '2025-03-02', 4, 2),
(427, '2025-03-03', 5, 2),
(428, '2025-03-04', 1, 2),
(429, '2025-03-05', 5, 2),
(430, '2025-03-06', 4, 2),
(431, '2025-03-07', 2, 2),
(432, '2025-03-08', 4, 2),
(433, '2025-03-09', 1, 2),
(434, '2025-03-10', 4, 2),
(435, '2025-03-11', 1, 2),
(436, '2025-03-12', 2, 2),
(437, '2025-03-13', 2, 2),
(438, '2025-03-14', 5, 2),
(439, '2025-03-15', 5, 2),
(440, '2025-03-16', 2, 2),
(441, '2025-03-17', 1, 2),
(442, '2025-03-18', 4, 2),
(443, '2025-03-19', 4, 2),
(444, '2025-03-20', 4, 2),
(445, '2025-03-21', 1, 2),
(446, '2025-03-22', 1, 2),
(447, '2025-03-23', 5, 2),
(448, '2025-03-24', 2, 2),
(449, '2025-03-25', 1, 2),
(450, '2025-03-26', 4, 2),
(451, '2025-03-27', 1, 2),
(452, '2025-03-28', 5, 2),
(453, '2025-03-29', 2, 2),
(454, '2025-03-30', 1, 2),
(455, '2025-03-31', 4, 2),
(456, '2025-04-01', 2, 2),
(457, '2025-04-02', 4, 2),
(458, '2025-04-03', 4, 2),
(459, '2025-04-04', 5, 2),
(460, '2025-04-05', 1, 2),
(461, '2025-04-06', 5, 2),
(462, '2025-04-07', 4, 2),
(463, '2025-04-08', 1, 2),
(464, '2025-04-09', 4, 2),
(465, '2025-04-10', 5, 2),
(466, '2025-04-11', 2, 2),
(467, '2025-04-12', 4, 2),
(468, '2025-04-13', 1, 2),
(469, '2025-04-14', 2, 2),
(470, '2025-04-15', 2, 2),
(471, '2025-04-16', 5, 2),
(472, '2025-04-17', 4, 2),
(473, '2025-04-18', 1, 2),
(474, '2025-04-19', 4, 2),
(475, '2025-04-20', 5, 2),
(476, '2025-04-21', 2, 2),
(477, '2025-04-22', 2, 2),
(478, '2025-04-23', 4, 2),
(479, '2025-04-24', 1, 2),
(480, '2025-04-25', 4, 2),
(481, '2025-04-26', 4, 2),
(482, '2025-04-27', 2, 2),
(483, '2025-04-28', 5, 2),
(484, '2025-04-29', 4, 2),
(485, '2025-04-30', 1, 2),
(486, '2025-05-01', 5, 2),
(487, '2025-05-02', 5, 2),
(488, '2025-05-03', 2, 2),
(489, '2025-05-04', 1, 2),
(490, '2025-05-05', 1, 2),
(491, '2025-05-06', 2, 2),
(492, '2025-05-07', 5, 2),
(493, '2025-05-08', 2, 2),
(494, '2025-05-09', 2, 2),
(495, '2025-05-10', 2, 2),
(496, '2025-05-11', 2, 2),
(497, '2025-05-12', 4, 2),
(498, '2025-05-13', 1, 2),
(499, '2025-05-14', 1, 2),
(500, '2025-05-15', 4, 2),
(501, '2025-05-16', 1, 2),
(502, '2025-05-17', 4, 2),
(503, '2025-05-18', 5, 2),
(504, '2025-05-19', 2, 2),
(505, '2025-05-20', 4, 2),
(506, '2025-05-21', 1, 2),
(507, '2025-05-22', 2, 2),
(508, '2025-05-23', 1, 2),
(509, '2025-05-24', 4, 2),
(510, '2025-05-25', 5, 2),
(511, '2025-05-26', 5, 2),
(512, '2025-05-27', 2, 2),
(513, '2025-05-28', 5, 2),
(514, '2025-05-29', 1, 2),
(515, '2025-05-30', 1, 2),
(516, '2025-05-31', 1, 2),
(517, '2025-06-01', 1, 2),
(518, '2025-06-02', 5, 2),
(519, '2025-06-03', 2, 2),
(520, '2025-06-04', 1, 2),
(521, '2025-06-05', 1, 2),
(522, '2025-06-06', 1, 2),
(523, '2025-06-07', 1, 2),
(524, '2025-06-08', 5, 2),
(525, '2025-06-09', 2, 2),
(526, '2025-06-10', 5, 2),
(527, '2025-06-11', 1, 2),
(528, '2025-06-12', 4, 2),
(529, '2025-06-13', 2, 2),
(530, '2025-06-14', 1, 2),
(531, '2025-06-15', 5, 2),
(532, '2025-06-16', 4, 2),
(533, '2025-06-17', 2, 2),
(534, '2025-06-18', 1, 2),
(535, '2025-06-19', 5, 2),
(536, '2025-06-20', 4, 2),
(537, '2025-06-21', 1, 2),
(538, '2025-06-22', 5, 2),
(539, '2025-06-23', 2, 2),
(540, '2025-06-24', 2, 2),
(541, '2025-06-25', 1, 2),
(542, '2025-06-26', 1, 2),
(543, '2025-06-27', 2, 2),
(544, '2025-06-28', 5, 2),
(545, '2025-06-29', 2, 2),
(546, '2025-06-30', 4, 2),
(547, '2025-07-01', 2, 2),
(548, '2025-07-02', 4, 2),
(549, '2025-07-03', 1, 2),
(550, '2025-07-04', 4, 2),
(551, '2025-07-05', 4, 2),
(552, '2025-07-06', 4, 2),
(553, '2025-07-07', 4, 2),
(554, '2025-07-08', 1, 2),
(555, '2025-07-09', 1, 2),
(556, '2025-07-10', 4, 2),
(557, '2025-07-11', 1, 2),
(558, '2025-07-12', 1, 2),
(559, '2025-07-13', 2, 2),
(560, '2025-07-14', 1, 2),
(561, '2025-07-15', 4, 2),
(562, '2025-07-16', 4, 2),
(563, '2025-07-17', 1, 2),
(564, '2025-07-18', 5, 2),
(565, '2025-07-19', 5, 2),
(566, '2025-07-20', 4, 2),
(567, '2025-07-21', 4, 2),
(568, '2025-07-22', 1, 2),
(569, '2025-07-23', 1, 2),
(570, '2025-07-24', 1, 2),
(571, '2025-07-25', 5, 2),
(572, '2025-07-26', 4, 2),
(573, '2025-07-27', 2, 2),
(574, '2025-07-28', 2, 2),
(575, '2025-07-29', 4, 2),
(576, '2025-07-30', 5, 2),
(577, '2025-07-31', 2, 2),
(578, '2025-08-01', 1, 2),
(579, '2025-08-02', 5, 2),
(580, '2025-08-03', 1, 2),
(581, '2025-08-04', 5, 2),
(582, '2025-08-05', 4, 2),
(584, '2025-08-07', 4, 2),
(585, '2025-08-08', 1, 2),
(586, '2025-08-09', 5, 2),
(587, '2025-08-10', 5, 2),
(588, '2025-08-11', 1, 2),
(589, '2025-08-12', 1, 2),
(590, '2025-08-13', 4, 2),
(591, '2025-08-14', 4, 2),
(592, '2025-08-15', 1, 2),
(593, '2025-08-16', 5, 2),
(594, '2025-08-17', 4, 2),
(595, '2025-08-18', 5, 2),
(596, '2025-08-19', 5, 2),
(597, '2025-08-20', 4, 2),
(598, '2025-08-21', 5, 2),
(599, '2025-08-22', 4, 2),
(600, '2025-08-23', 4, 2),
(601, '2025-08-24', 4, 2),
(602, '2025-08-25', 5, 2),
(603, '2025-08-26', 4, 2),
(604, '2025-08-27', 1, 2),
(605, '2025-08-28', 2, 2),
(606, '2025-08-29', 4, 2),
(607, '2025-08-30', 4, 2),
(608, '2025-08-31', 4, 2),
(609, '2025-09-01', 4, 2),
(610, '2025-09-02', 2, 2),
(611, '2025-09-03', 2, 2),
(612, '2025-09-04', 4, 2),
(613, '2025-09-05', 5, 2),
(614, '2025-09-06', 1, 2),
(615, '2025-09-07', 2, 2),
(616, '2025-09-08', 5, 2),
(617, '2025-09-09', 4, 2),
(618, '2025-09-10', 1, 2),
(619, '2025-09-11', 5, 2),
(620, '2025-09-12', 1, 2),
(621, '2025-09-13', 1, 2),
(622, '2025-09-14', 4, 2),
(623, '2025-09-15', 1, 2),
(624, '2025-09-16', 1, 2),
(625, '2025-09-17', 2, 2),
(626, '2025-09-18', 2, 2),
(627, '2025-09-19', 5, 2),
(628, '2025-09-20', 4, 2),
(629, '2025-09-21', 4, 2),
(630, '2025-09-22', 4, 2),
(631, '2025-09-23', 2, 2),
(632, '2025-09-24', 1, 2),
(633, '2025-09-25', 2, 2),
(634, '2025-09-26', 1, 2),
(635, '2025-09-27', 5, 2),
(636, '2025-09-28', 1, 2),
(637, '2025-09-29', 2, 2),
(638, '2025-09-30', 1, 2),
(639, '2025-10-01', 1, 2),
(640, '2025-10-02', 1, 2),
(641, '2025-10-03', 4, 2),
(642, '2025-10-04', 5, 2),
(643, '2025-10-05', 1, 2),
(644, '2025-10-06', 5, 2),
(645, '2025-10-07', 5, 2),
(646, '2025-10-08', 2, 2),
(647, '2025-10-09', 2, 2),
(648, '2025-10-10', 4, 2),
(649, '2025-10-11', 2, 2),
(650, '2025-10-12', 1, 2),
(651, '2025-10-13', 5, 2),
(583, '2025-08-06', 5, 2),
(652, '2025-10-14', 1, 2),
(653, '2025-10-15', 1, 2),
(654, '2025-10-16', 2, 2),
(655, '2025-10-17', 2, 2),
(656, '2025-10-18', 5, 2),
(657, '2025-10-19', 4, 2),
(658, '2025-10-20', 5, 2),
(659, '2025-10-21', 4, 2),
(660, '2025-10-22', 1, 2),
(661, '2025-10-23', 4, 2),
(662, '2025-10-24', 2, 2),
(663, '2025-10-25', 5, 2),
(664, '2025-10-26', 4, 2),
(665, '2025-10-27', 5, 2),
(666, '2025-10-28', 2, 2),
(667, '2025-10-29', 2, 2),
(668, '2025-10-30', 1, 2),
(669, '2025-10-31', 1, 2),
(670, '2025-11-01', 1, 2),
(671, '2025-11-02', 1, 2),
(672, '2025-11-03', 2, 2),
(673, '2025-11-04', 4, 2),
(674, '2025-11-05', 1, 2),
(675, '2025-11-06', 2, 2),
(676, '2025-11-07', 1, 2),
(677, '2025-11-08', 4, 2),
(678, '2025-11-09', 1, 2),
(679, '2025-11-10', 1, 2),
(680, '2025-11-11', 1, 2),
(681, '2025-11-12', 5, 2),
(682, '2025-11-13', 4, 2),
(683, '2025-11-14', 5, 2),
(684, '2025-11-15', 5, 2),
(685, '2025-11-16', 5, 2),
(686, '2025-11-17', 5, 2),
(687, '2025-11-18', 5, 2),
(688, '2025-11-19', 5, 2),
(689, '2025-11-20', 4, 2),
(690, '2025-11-21', 4, 2),
(691, '2025-11-22', 4, 2),
(692, '2025-11-23', 1, 2),
(693, '2025-11-24', 1, 2),
(694, '2025-11-25', 2, 2),
(695, '2025-11-26', 2, 2),
(696, '2025-11-27', 4, 2),
(697, '2025-11-28', 4, 2),
(698, '2025-11-29', 2, 2),
(699, '2025-11-30', 1, 2),
(700, '2025-12-01', 2, 2),
(701, '2025-12-02', 1, 2),
(702, '2025-12-03', 1, 2),
(703, '2025-12-04', 2, 2),
(704, '2025-12-05', 4, 2),
(705, '2025-12-06', 5, 2),
(706, '2025-12-07', 1, 2),
(707, '2025-12-08', 5, 2),
(708, '2025-12-09', 2, 2),
(709, '2025-12-10', 5, 2),
(710, '2025-12-11', 5, 2),
(711, '2025-12-12', 1, 2),
(712, '2025-12-13', 2, 2),
(713, '2025-12-14', 4, 2),
(714, '2025-12-15', 2, 2),
(715, '2025-12-16', 4, 2),
(716, '2025-12-17', 1, 2),
(717, '2025-12-18', 2, 2),
(718, '2025-12-19', 5, 2),
(719, '2025-12-20', 2, 2),
(720, '2025-12-21', 5, 2),
(721, '2025-12-22', 2, 2),
(722, '2025-12-23', 5, 2),
(723, '2025-12-24', 4, 2),
(724, '2025-12-25', 1, 2),
(725, '2025-12-26', 5, 2),
(726, '2025-12-27', 1, 2),
(727, '2025-12-28', 1, 2),
(728, '2025-12-29', 1, 2),
(729, '2025-12-30', 5, 2),
(730, '2025-12-31', 1, 2),
(731, '2025-01-01', 1, 3),
(732, '2025-01-02', 2, 3),
(733, '2025-01-03', 2, 3),
(734, '2025-01-04', 1, 3),
(735, '2025-01-05', 1, 3),
(736, '2025-01-06', 1, 3),
(737, '2025-01-07', 5, 3),
(738, '2025-01-08', 5, 3),
(739, '2025-01-09', 2, 3),
(740, '2025-01-10', 1, 3),
(741, '2025-01-11', 4, 3),
(742, '2025-01-12', 1, 3),
(743, '2025-01-13', 2, 3),
(744, '2025-01-14', 2, 3),
(745, '2025-01-15', 5, 3),
(746, '2025-01-16', 1, 3),
(747, '2025-01-17', 4, 3),
(748, '2025-01-18', 2, 3),
(749, '2025-01-19', 2, 3),
(750, '2025-01-20', 2, 3),
(751, '2025-01-21', 5, 3),
(752, '2025-01-22', 5, 3),
(753, '2025-01-23', 4, 3),
(754, '2025-01-24', 1, 3),
(755, '2025-01-25', 4, 3),
(756, '2025-01-26', 2, 3),
(757, '2025-01-27', 1, 3),
(758, '2025-01-28', 5, 3),
(759, '2025-01-29', 5, 3),
(760, '2025-01-30', 2, 3),
(761, '2025-01-31', 1, 3),
(762, '2025-02-01', 5, 3),
(763, '2025-02-02', 4, 3),
(764, '2025-02-03', 4, 3),
(765, '2025-02-04', 4, 3),
(766, '2025-02-05', 4, 3),
(767, '2025-02-06', 2, 3),
(768, '2025-02-07', 5, 3),
(769, '2025-02-08', 4, 3),
(770, '2025-02-09', 2, 3),
(771, '2025-02-10', 1, 3),
(772, '2025-02-11', 2, 3),
(773, '2025-02-12', 5, 3),
(774, '2025-02-13', 2, 3),
(775, '2025-02-14', 4, 3),
(776, '2025-02-15', 5, 3),
(777, '2025-02-16', 4, 3),
(778, '2025-02-17', 4, 3),
(779, '2025-02-18', 5, 3),
(780, '2025-02-19', 1, 3),
(781, '2025-02-20', 1, 3),
(782, '2025-02-21', 5, 3),
(783, '2025-02-22', 5, 3),
(784, '2025-02-23', 2, 3),
(785, '2025-02-24', 2, 3),
(786, '2025-02-25', 5, 3),
(787, '2025-02-26', 1, 3),
(788, '2025-02-27', 1, 3),
(789, '2025-02-28', 2, 3),
(790, '2025-03-01', 2, 3),
(791, '2025-03-02', 1, 3),
(792, '2025-03-03', 4, 3),
(793, '2025-03-04', 1, 3),
(794, '2025-03-05', 2, 3),
(795, '2025-03-06', 1, 3),
(796, '2025-03-07', 4, 3),
(797, '2025-03-08', 1, 3),
(798, '2025-03-09', 5, 3),
(799, '2025-03-10', 2, 3),
(800, '2025-03-11', 1, 3),
(801, '2025-03-12', 1, 3),
(802, '2025-03-13', 1, 3),
(803, '2025-03-14', 4, 3),
(804, '2025-03-15', 2, 3),
(805, '2025-03-16', 4, 3),
(806, '2025-03-17', 5, 3),
(807, '2025-03-18', 2, 3),
(808, '2025-03-19', 1, 3),
(809, '2025-03-20', 1, 3),
(810, '2025-03-21', 4, 3),
(811, '2025-03-22', 5, 3),
(812, '2025-03-23', 2, 3),
(813, '2025-03-24', 4, 3),
(814, '2025-03-25', 2, 3),
(815, '2025-03-26', 4, 3),
(816, '2025-03-27', 4, 3),
(817, '2025-03-28', 1, 3),
(818, '2025-03-29', 2, 3),
(819, '2025-03-30', 5, 3),
(820, '2025-03-31', 1, 3),
(821, '2025-04-01', 4, 3),
(822, '2025-04-02', 1, 3),
(823, '2025-04-03', 1, 3),
(824, '2025-04-04', 5, 3),
(825, '2025-04-05', 2, 3),
(826, '2025-04-06', 5, 3),
(827, '2025-04-07', 1, 3),
(828, '2025-04-08', 5, 3),
(829, '2025-04-09', 2, 3),
(830, '2025-04-10', 2, 3),
(831, '2025-04-11', 1, 3),
(832, '2025-04-12', 1, 3),
(69, '2025-03-10', 2, 1),
(70, '2025-03-11', 2, 1),
(833, '2025-04-13', 1, 3),
(834, '2025-04-14', 5, 3),
(835, '2025-04-15', 4, 3),
(836, '2025-04-16', 4, 3),
(837, '2025-04-17', 2, 3),
(838, '2025-04-18', 5, 3),
(839, '2025-04-19', 1, 3),
(840, '2025-04-20', 5, 3),
(841, '2025-04-21', 2, 3),
(842, '2025-04-22', 1, 3),
(843, '2025-04-23', 4, 3),
(844, '2025-04-24', 4, 3),
(845, '2025-04-25', 4, 3),
(846, '2025-04-26', 5, 3),
(847, '2025-04-27', 5, 3),
(848, '2025-04-28', 2, 3),
(849, '2025-04-29', 5, 3),
(850, '2025-04-30', 5, 3),
(851, '2025-05-01', 2, 3),
(852, '2025-05-02', 5, 3),
(853, '2025-05-03', 1, 3),
(854, '2025-05-04', 5, 3),
(855, '2025-05-05', 4, 3),
(856, '2025-05-06', 1, 3),
(857, '2025-05-07', 1, 3),
(858, '2025-05-08', 2, 3),
(859, '2025-05-09', 1, 3),
(860, '2025-05-10', 1, 3),
(861, '2025-05-11', 4, 3),
(862, '2025-05-12', 4, 3),
(863, '2025-05-13', 1, 3),
(864, '2025-05-14', 5, 3),
(865, '2025-05-15', 4, 3),
(866, '2025-05-16', 1, 3),
(867, '2025-05-17', 4, 3),
(868, '2025-05-18', 5, 3),
(869, '2025-05-19', 2, 3),
(870, '2025-05-20', 4, 3),
(871, '2025-05-21', 2, 3),
(872, '2025-05-22', 5, 3),
(873, '2025-05-23', 1, 3),
(874, '2025-05-24', 2, 3),
(875, '2025-05-25', 2, 3),
(876, '2025-05-26', 1, 3),
(877, '2025-05-27', 4, 3),
(878, '2025-05-28', 4, 3),
(879, '2025-05-29', 4, 3),
(880, '2025-05-30', 1, 3),
(881, '2025-05-31', 2, 3),
(882, '2025-06-01', 2, 3),
(883, '2025-06-02', 2, 3),
(884, '2025-06-03', 1, 3),
(885, '2025-06-04', 2, 3),
(886, '2025-06-05', 5, 3),
(887, '2025-06-06', 4, 3),
(888, '2025-06-07', 2, 3),
(889, '2025-06-08', 5, 3),
(890, '2025-06-09', 1, 3),
(891, '2025-06-10', 4, 3),
(892, '2025-06-11', 4, 3),
(893, '2025-06-12', 1, 3),
(894, '2025-06-13', 1, 3),
(895, '2025-06-14', 4, 3),
(896, '2025-06-15', 5, 3),
(897, '2025-06-16', 2, 3),
(898, '2025-06-17', 4, 3),
(899, '2025-06-18', 5, 3),
(900, '2025-06-19', 2, 3),
(901, '2025-06-20', 1, 3),
(902, '2025-06-21', 1, 3),
(903, '2025-06-22', 2, 3),
(904, '2025-06-23', 1, 3),
(905, '2025-06-24', 2, 3),
(906, '2025-06-25', 2, 3),
(907, '2025-06-26', 4, 3),
(908, '2025-06-27', 4, 3),
(909, '2025-06-28', 1, 3),
(910, '2025-06-29', 5, 3),
(911, '2025-06-30', 5, 3),
(912, '2025-07-01', 5, 3),
(913, '2025-07-02', 5, 3),
(914, '2025-07-03', 1, 3),
(915, '2025-07-04', 5, 3),
(916, '2025-07-05', 2, 3),
(917, '2025-07-06', 4, 3),
(918, '2025-07-07', 1, 3),
(919, '2025-07-08', 4, 3),
(920, '2025-07-09', 1, 3),
(921, '2025-07-10', 1, 3),
(922, '2025-07-11', 1, 3),
(923, '2025-07-12', 1, 3),
(924, '2025-07-13', 2, 3),
(925, '2025-07-14', 1, 3),
(926, '2025-07-15', 5, 3),
(927, '2025-07-16', 2, 3),
(928, '2025-07-17', 2, 3),
(929, '2025-07-18', 2, 3),
(930, '2025-07-19', 2, 3),
(931, '2025-07-20', 4, 3),
(932, '2025-07-21', 2, 3),
(933, '2025-07-22', 1, 3),
(934, '2025-07-23', 1, 3),
(935, '2025-07-24', 2, 3),
(936, '2025-07-25', 4, 3),
(937, '2025-07-26', 5, 3),
(939, '2025-07-28', 4, 3),
(940, '2025-07-29', 4, 3),
(941, '2025-07-30', 1, 3),
(942, '2025-07-31', 5, 3),
(943, '2025-08-01', 5, 3),
(944, '2025-08-02', 1, 3),
(945, '2025-08-03', 2, 3),
(946, '2025-08-04', 5, 3),
(947, '2025-08-05', 1, 3),
(948, '2025-08-06', 1, 3),
(949, '2025-08-07', 1, 3),
(950, '2025-08-08', 1, 3),
(951, '2025-08-09', 5, 3),
(952, '2025-08-10', 4, 3),
(953, '2025-08-11', 4, 3),
(954, '2025-08-12', 4, 3),
(955, '2025-08-13', 2, 3),
(956, '2025-08-14', 5, 3),
(957, '2025-08-15', 5, 3),
(958, '2025-08-16', 1, 3),
(959, '2025-08-17', 1, 3),
(960, '2025-08-18', 1, 3),
(961, '2025-08-19', 5, 3),
(962, '2025-08-20', 4, 3),
(963, '2025-08-21', 5, 3),
(964, '2025-08-22', 2, 3),
(965, '2025-08-23', 1, 3),
(966, '2025-08-24', 5, 3),
(967, '2025-08-25', 2, 3),
(968, '2025-08-26', 5, 3),
(969, '2025-08-27', 5, 3),
(970, '2025-08-28', 2, 3),
(971, '2025-08-29', 5, 3),
(972, '2025-08-30', 5, 3),
(973, '2025-08-31', 4, 3),
(974, '2025-09-01', 1, 3),
(975, '2025-09-02', 5, 3),
(976, '2025-09-03', 1, 3),
(977, '2025-09-04', 4, 3),
(978, '2025-09-05', 1, 3),
(979, '2025-09-06', 5, 3),
(980, '2025-09-07', 1, 3),
(981, '2025-09-08', 5, 3),
(982, '2025-09-09', 1, 3),
(983, '2025-09-10', 2, 3),
(984, '2025-09-11', 2, 3),
(985, '2025-09-12', 2, 3),
(986, '2025-09-13', 4, 3),
(987, '2025-09-14', 1, 3),
(988, '2025-09-15', 1, 3),
(989, '2025-09-16', 4, 3),
(990, '2025-09-17', 4, 3),
(991, '2025-09-18', 2, 3),
(992, '2025-09-19', 2, 3),
(993, '2025-09-20', 1, 3),
(994, '2025-09-21', 1, 3),
(995, '2025-09-22', 1, 3),
(996, '2025-09-23', 4, 3),
(997, '2025-09-24', 2, 3),
(998, '2025-09-25', 2, 3),
(999, '2025-09-26', 5, 3),
(1000, '2025-09-27', 4, 3),
(1001, '2025-09-28', 2, 3),
(1002, '2025-09-29', 2, 3),
(1003, '2025-09-30', 5, 3),
(1004, '2025-10-01', 4, 3),
(1005, '2025-10-02', 5, 3),
(1006, '2025-10-03', 4, 3),
(1007, '2025-10-04', 1, 3),
(1008, '2025-10-05', 4, 3),
(1009, '2025-10-06', 1, 3),
(1010, '2025-10-07', 4, 3),
(1011, '2025-10-08', 4, 3),
(1012, '2025-10-09', 5, 3),
(1013, '2025-10-10', 4, 3),
(1014, '2025-10-11', 4, 3),
(1015, '2025-10-12', 4, 3),
(1016, '2025-10-13', 2, 3),
(1017, '2025-10-14', 2, 3),
(1018, '2025-10-15', 4, 3),
(1019, '2025-10-16', 4, 3),
(938, '2025-07-27', 4, 3),
(71, '2025-03-12', 2, 1),
(72, '2025-03-13', 5, 1),
(73, '2025-03-14', 4, 1),
(74, '2025-03-15', 1, 1),
(75, '2025-03-16', 2, 1),
(76, '2025-03-17', 2, 1),
(77, '2025-03-18', 1, 1),
(78, '2025-03-19', 1, 1),
(79, '2025-03-20', 4, 1),
(80, '2025-03-21', 4, 1),
(81, '2025-03-22', 5, 1),
(82, '2025-03-23', 5, 1),
(83, '2025-03-24', 1, 1),
(84, '2025-03-25', 5, 1),
(85, '2025-03-26', 2, 1),
(86, '2025-03-27', 4, 1),
(87, '2025-03-28', 4, 1),
(88, '2025-03-29', 4, 1),
(89, '2025-03-30', 4, 1),
(90, '2025-03-31', 5, 1),
(91, '2025-04-01', 4, 1),
(92, '2025-04-02', 4, 1),
(93, '2025-04-03', 1, 1),
(94, '2025-04-04', 5, 1),
(95, '2025-04-05', 4, 1),
(96, '2025-04-06', 2, 1),
(97, '2025-04-07', 1, 1),
(98, '2025-04-08', 2, 1),
(99, '2025-04-09', 1, 1),
(100, '2025-04-10', 4, 1),
(101, '2025-04-11', 1, 1),
(102, '2025-04-12', 5, 1),
(103, '2025-04-13', 2, 1),
(104, '2025-04-14', 4, 1),
(105, '2025-04-15', 4, 1),
(106, '2025-04-16', 1, 1),
(107, '2025-04-17', 5, 1),
(108, '2025-04-18', 4, 1),
(109, '2025-04-19', 2, 1),
(110, '2025-04-20', 4, 1),
(111, '2025-04-21', 2, 1),
(112, '2025-04-22', 4, 1),
(113, '2025-04-23', 2, 1),
(114, '2025-04-24', 1, 1),
(115, '2025-04-25', 1, 1),
(116, '2025-04-26', 2, 1),
(117, '2025-04-27', 4, 1),
(118, '2025-04-28', 4, 1),
(119, '2025-04-29', 1, 1),
(120, '2025-04-30', 5, 1),
(121, '2025-05-01', 2, 1),
(122, '2025-05-02', 5, 1),
(123, '2025-05-03', 2, 1),
(124, '2025-05-04', 5, 1),
(125, '2025-05-05', 1, 1),
(126, '2025-05-06', 5, 1),
(127, '2025-05-07', 2, 1),
(128, '2025-05-08', 1, 1),
(129, '2025-05-09', 5, 1),
(130, '2025-05-10', 1, 1),
(131, '2025-05-11', 1, 1),
(132, '2025-05-12', 4, 1),
(133, '2025-05-13', 1, 1),
(134, '2025-05-14', 5, 1),
(135, '2025-05-15', 1, 1),
(136, '2025-05-16', 5, 1),
(137, '2025-05-17', 1, 1),
(138, '2025-05-18', 4, 1),
(139, '2025-05-19', 1, 1),
(140, '2025-05-20', 5, 1),
(141, '2025-05-21', 1, 1),
(142, '2025-05-22', 4, 1),
(143, '2025-05-23', 1, 1),
(144, '2025-05-24', 2, 1),
(145, '2025-05-25', 4, 1),
(146, '2025-05-26', 2, 1),
(147, '2025-05-27', 2, 1),
(148, '2025-05-28', 5, 1),
(149, '2025-05-29', 1, 1),
(150, '2025-05-30', 5, 1),
(151, '2025-05-31', 2, 1),
(152, '2025-06-01', 1, 1),
(153, '2025-06-02', 4, 1),
(154, '2025-06-03', 4, 1),
(155, '2025-06-04', 5, 1),
(156, '2025-06-05', 5, 1),
(157, '2025-06-06', 4, 1),
(158, '2025-06-07', 5, 1),
(159, '2025-06-08', 2, 1),
(160, '2025-06-09', 1, 1),
(1020, '2025-10-17', 4, 3),
(1021, '2025-10-18', 2, 3),
(1022, '2025-10-19', 4, 3),
(1023, '2025-10-20', 5, 3),
(1024, '2025-10-21', 2, 3),
(1025, '2025-10-22', 5, 3),
(1026, '2025-10-23', 5, 3),
(1027, '2025-10-24', 2, 3),
(1028, '2025-10-25', 2, 3),
(1029, '2025-10-26', 1, 3),
(1030, '2025-10-27', 1, 3),
(1031, '2025-10-28', 4, 3),
(1032, '2025-10-29', 4, 3),
(1033, '2025-10-30', 4, 3),
(1034, '2025-10-31', 4, 3),
(1035, '2025-11-01', 2, 3),
(1036, '2025-11-02', 5, 3),
(1037, '2025-11-03', 4, 3),
(1038, '2025-11-04', 1, 3),
(1039, '2025-11-05', 1, 3),
(1040, '2025-11-06', 2, 3),
(1041, '2025-11-07', 1, 3),
(1042, '2025-11-08', 5, 3),
(1043, '2025-11-09', 4, 3),
(1044, '2025-11-10', 2, 3),
(1045, '2025-11-11', 5, 3),
(1046, '2025-11-12', 1, 3),
(1047, '2025-11-13', 2, 3),
(1048, '2025-11-14', 2, 3),
(1049, '2025-11-15', 2, 3),
(1050, '2025-11-16', 1, 3),
(1051, '2025-11-17', 1, 3),
(1052, '2025-11-18', 4, 3),
(1053, '2025-11-19', 2, 3),
(1054, '2025-11-20', 1, 3),
(1055, '2025-11-21', 2, 3),
(1056, '2025-11-22', 4, 3),
(1057, '2025-11-23', 4, 3),
(1058, '2025-11-24', 2, 3),
(1059, '2025-11-25', 4, 3),
(1060, '2025-11-26', 1, 3),
(1061, '2025-11-27', 2, 3),
(1062, '2025-11-28', 5, 3),
(1063, '2025-11-29', 4, 3),
(1064, '2025-11-30', 4, 3),
(1065, '2025-12-01', 4, 3),
(1066, '2025-12-02', 4, 3),
(1067, '2025-12-03', 5, 3),
(1068, '2025-12-04', 1, 3),
(1069, '2025-12-05', 4, 3),
(1070, '2025-12-06', 4, 3),
(1071, '2025-12-07', 5, 3),
(1072, '2025-12-08', 2, 3),
(1073, '2025-12-09', 2, 3),
(1074, '2025-12-10', 1, 3),
(1075, '2025-12-11', 1, 3),
(1076, '2025-12-12', 4, 3),
(1077, '2025-12-13', 1, 3),
(1078, '2025-12-14', 2, 3),
(1079, '2025-12-15', 2, 3),
(1080, '2025-12-16', 1, 3),
(1081, '2025-12-17', 4, 3),
(1082, '2025-12-18', 1, 3),
(1083, '2025-12-19', 1, 3),
(1084, '2025-12-20', 1, 3),
(1085, '2025-12-21', 5, 3),
(1086, '2025-12-22', 4, 3),
(1087, '2025-12-23', 1, 3),
(1088, '2025-12-24', 2, 3),
(1089, '2025-12-25', 1, 3),
(1090, '2025-12-26', 5, 3),
(1091, '2025-12-27', 1, 3),
(1092, '2025-12-28', 4, 3),
(1093, '2025-12-29', 5, 3),
(1094, '2025-12-30', 2, 3),
(1095, '2025-12-31', 2, 3);
-- (...füge hier bei Bedarf die restlichen Daten für 'shifts' ein)


--
-- Fremdschlüssel-Beziehungen definieren
--
ALTER TABLE ONLY public.shifts
    ADD CONSTRAINT shifts_shift_type_id_fkey FOREIGN KEY (shift_type_id) REFERENCES public.shift_types(id);

ALTER TABLE ONLY public.shifts
    ADD CONSTRAINT shifts_user_id_fkey FOREIGN KEY (user_id) REFERENCES public.users(id);

--
-- Eindeutigkeit für employee_id sicherstellen
--
ALTER TABLE public.users
    ADD CONSTRAINT users_employee_id_key UNIQUE (employee_id);


-- Setzt die Sequenzen auf den höchsten aktuellen Wert in den Tabellen,
-- damit neue INSERTS nach dem Seeding keine Konflikte verursachen.
SELECT setval('public.users_id_seq', COALESCE((SELECT MAX(id) FROM public.users), 1), true);
SELECT setval('public.shift_types_id_seq', COALESCE((SELECT MAX(id) FROM public.shift_types), 1), true);
SELECT setval('public.shifts_id_seq', COALESCE((SELECT MAX(id) FROM public.shifts), 1), true);